Name;Device ID;Scheduled Time;Issued Time;Response Time;Duration (minutes);Location;[2_VAS] Please use the following 3 items to indicate how you feel right now;[3_VAS] ;[4_VAS] ;[6_VAS] How stressed do you feel right now?;[8_VAS] At the moment I feel like I am able to control my own behavior as I wish;[9_VAS] Right now I feel competent in what I am doing ;[10_VAS] Right now I feel like there are people around me who care about me and support me;[11_SAQ] Since the last prompt have there been events that caused any changes in your emotional state?;[33_VAS] Time since the event in minutes (apporximately);[13_VAS] Please use the following 3 items to indicate how you felt during the event;[14_VAS] ;[34_VAS] ;[20_VAS] How stressed did you feel during the event?;"[17_VAS] During the event I felt like I myself was able to control my behavior in a way that I think is for the best;  my behavior was not controlled by someone else";[18_VAS] During the event I felt competent in what I was doing ;[19_VAS] During the event I felt like there were people around me who care about me and support me;[21_VAS] Did you try to control your emotions in any of the following ways?I ruminated over the subject matter;[22_VAS] I distracted myself from the subject matter;[23_VAS] I tried to look at the subject matter from a new perspective;[24_VAS] Suppressed the outward expression of my emotions;[35_VAS] Talked to others about your emotions;[26_VAS] Accepted my emotions the way they are;[27_VAS] I took action to try to change the situation causing my emotions;[28_VAS] I thought hard about what to do about the situation causing my emotions;[29_VAS] I sought help and advice from other people;[30_VAS] I used some substances (e.g. alcohol or tobacco) to make myself feel better;[31_VAS] I gave up trying to cope with the situation ;[32_FFT] Optional: describe the event in a few words
User #19350;6154190E842E42DDBB64784B61E54D41;2019-11-26 10:49:50 EET;2019-11-26 10:49:50 EET;2019-11-26 11:05:41 EET;950.563;Unknown;https://ethicadata.com/media/survey_media/900/image/4valence.png;https://ethicadata.com/media/survey_media/900/image/3arous.png;https://ethicadata.com/media/survey_media/900/image/4dominance.png;60;85;80;89;(ID 2) No;;;;;;;;;;;;;;;;;;;;
User #19350;6154190E842E42DDBB64784B61E54D41;2019-11-26 12:18:04 EET;2019-11-26 12:18:04 EET;2019-11-26 13:16:41 EET;3517.375;Unknown;https://ethicadata.com/media/survey_media/900/image/4valence.png;https://ethicadata.com/media/survey_media/900/image/3arous.png;https://ethicadata.com/media/survey_media/900/image/4dominance.png;80;90;91;100;(ID 2) No;;;;;;;;;;;;;;;;;;;;
User #19350;6154190E842E42DDBB64784B61E54D41;2019-11-26 15:12:14 EET;2019-11-26 15:12:14 EET;2019-11-26 15:50:43 EET;2308.394;Unknown;https://ethicadata.com/media/survey_media/900/image/4valence.png;;;;71;75;;(ID 2) No;;;;;;;;;;;;;;;;;;;;
User #19350;6154190E842E42DDBB64784B61E54D41;2019-11-26 18:43:39 EET;2019-11-26 18:43:39 EET;2019-11-26 18:45:10 EET;91.494;Unknown;https://ethicadata.com/media/survey_media/900/image/3valence2.png;;;;65;70;100;(ID 2) No;;;;;;;;;;;;;;;;;;;;
User #19350;6154190E842E42DDBB64784B61E54D41;2019-11-26 20:46:17 EET;2019-11-26 20:46:17 EET;2019-11-26 20:58:20 EET;723.473;Unknown;https://ethicadata.com/media/survey_media/900/image/5valence2.png;;;;65;70;;(ID 2) No;;;;;;;;;;;;;;;;;;;;
User #19350;6154190E842E42DDBB64784B61E54D41;2019-11-27 11:24:16 EET;2019-11-27 11:24:16 EET;2019-11-27 11:27:45 EET;208.917;Unknown;https://ethicadata.com/media/survey_media/900/image/3valence2.png;;;;60;70;100;(ID 2) No;;;;;;;;;;;;;;;;;;;;
User #19350;6154190E842E42DDBB64784B61E54D41;2019-11-27 11:43:19 EET;2019-11-27 11:43:19 EET;2019-11-27 11:43:42 EET;22.876;Unknown;;;;;60;70;;(ID 2) No;;;;;;;;;;;;;;;;;;;;
User #19350;6154190E842E42DDBB64784B61E54D41;2019-11-27 16:23:08 EET;2019-11-27 16:23:08 EET;2019-11-27 16:26:15 EET;186.722;Unknown;https://ethicadata.com/media/survey_media/900/image/4valence.png;;;;71;75;100;(ID 2) No;;;;;;;;;;;;;;;;;;;;
User #19350;6154190E842E42DDBB64784B61E54D41;2019-11-27 18:41:44 EET;2019-11-27 18:41:44 EET;2019-11-27 19:24:51 EET;2587.463;Unknown;https://ethicadata.com/media/survey_media/900/image/5valence2.png;;;;80;65;100;(ID 1) Yes;46;https://ethicadata.com/media/survey_media/900/image/5valence2.png;https://ethicadata.com/media/survey_media/900/image/4arous.png;https://ethicadata.com/media/survey_media/900/image/4dominance.png;25;;;;20;;25;;50;85;10;;;;;
User #19350;6154190E842E42DDBB64784B61E54D41;2019-11-27 19:43:07 EET;2019-11-27 19:43:07 EET;2019-11-27 19:43:52 EET;44.942;Unknown;https://ethicadata.com/media/survey_media/900/image/4valence.png;;;;75;65;100;(ID 2) No;;;;;;;;;;;;;;;;;;;;
User #19350;6154190E842E42DDBB64784B61E54D41;2019-11-28 10:45:37 EET;2019-11-28 10:45:37 EET;2019-11-28 11:17:38 EET;1921.342;Unknown;https://ethicadata.com/media/survey_media/900/image/5valence2.png;;;;80;75;100;(ID 2) No;;;;;;;;;;;;;;;;;;;;
User #19350;6154190E842E42DDBB64784B61E54D41;2019-11-28 13:04:04 EET;2019-11-28 13:04:04 EET;2019-11-28 13:06:37 EET;152.592;Unknown;https://ethicadata.com/media/survey_media/900/image/4valence.png;;;;80;80;;(ID 1) Yes;60;;https://ethicadata.com/media/survey_media/900/image/2arous.png;;;60;35;70;70;40;;50;;70;40;50;;;50;
User #19350;6154190E842E42DDBB64784B61E54D41;2019-11-28 16:14:05 EET;2019-11-28 16:14:05 EET;2019-11-28 16:14:38 EET;33.712;Unknown;;;;;65;70;85;(ID 2) No;;;;;;;;;;;;;;;;;;;;
User #19350;6154190E842E42DDBB64784B61E54D41;2019-11-28 18:55:45 EET;2019-11-28 18:55:45 EET;2019-11-28 19:51:53 EET;3368.475;Unknown;https://ethicadata.com/media/survey_media/900/image/4valence.png;;;;70;61;84;(ID 2) No;;;;;;;;;;;;;;;;;;;;
User #19350;6154190E842E42DDBB64784B61E54D41;2019-11-28 20:48:53 EET;2019-11-28 20:48:53 EET;2019-11-28 21:12:28 EET;1415.013;Unknown;https://ethicadata.com/media/survey_media/900/image/4valence.png;;;;80;73;100;(ID 2) No;;;;;;;;;;;;;;;;;;;;
User #19350;6154190E842E42DDBB64784B61E54D41;2019-11-29 10:51:23 EET;2019-11-29 10:51:23 EET;2019-11-29 11:05:56 EET;873.27;Unknown;https://ethicadata.com/media/survey_media/900/image/5valence2.png;;;;90;80;100;(ID 2) No;;;;;;;;;;;;;;;;;;;;
User #19427;f99f6e8e32c9ff5d;2019-11-26 09:19:49 EET;2019-11-26 09:19:49 EET;2019-11-26 09:50:05 EET;1816.277;Unknown;3;1;4;12;76;77;90;(ID 2) No;;;;;;;;;;;;;;;;;;;;
User #19427;f99f6e8e32c9ff5d;2019-11-26 13:17:56 EET;2019-11-26 13:17:56 EET;2019-11-26 14:04:44 EET;2807.902;Unknown;3;;;;;100;78;(ID 2) No;;;;;;;;;;;;;;;;;;;;
User #19427;f99f6e8e32c9ff5d;2019-11-26 16:18:15 EET;2019-11-26 17:40:11 EET;2019-11-26 17:40:30 EET;4934.989;Unknown;3;;;;79;76;82;(ID 2) No;;;;;;;;;;;;;;;;;;;;
User #19427;f99f6e8e32c9ff5d;2019-11-26 19:32:01 EET;2019-11-26 19:33:37 EET;2019-11-26 19:33:37 EET;Blocked;Unknown;;;;;;;;;;;;;;;;;;;;;;;;;;;;
User #19427;f99f6e8e32c9ff5d;2019-11-26 18:15:01 EET;2019-11-26 19:33:37 EET;2019-11-26 19:35:03 EET;4801.617;Unknown;4;;;;84;82;81;(ID 1) Yes;31;;;;;77;79;;;;;;;100;;;;;;I went for a swim
User #19427;f99f6e8e32c9ff5d;2019-11-27 10:40:31 EET;2019-11-27 11:06:22 EET;2019-11-27 11:42:41 EET;3729.534;Unknown;3;;;;79;78;83;(ID 2) No;;;;;;;;;;;;;;;;;;;;
User #19427;f99f6e8e32c9ff5d;2019-11-27 13:06:11 EET;2019-11-27 13:06:11 EET;2019-11-27 14:32:15 EET;5163.552;Unknown;3;;;;77;75;77;(ID 2) No;;;;;;;;;;;;;;;;;;;;
User #19427;f99f6e8e32c9ff5d;2019-11-27 15:32:32 EET;2019-11-27 15:32:32 EET;2019-11-27 16:39:34 EET;4022.437;Unknown;3;;;;79;80;80;(ID 2) No;;;;;;;;;;;;;;;;;;;;
User #19427;f99f6e8e32c9ff5d;2019-11-27 19:17:14 EET;2019-11-27 19:17:14 EET;2019-11-27 20:47:14 EET;Expired;Unknown;;;;;;;;;;;;;;;;;;;;;;;;;;;;
User #19427;f99f6e8e32c9ff5d;2019-11-27 20:00:00 EET;2019-11-27 20:00:00 EET;2019-11-27 21:30:00 EET;Expired;Unknown;;;;;;;;;;;;;;;;;;;;;;;;;;;;
User #19427;f99f6e8e32c9ff5d;2019-11-28 11:10:07 EET;2019-11-28 11:10:07 EET;2019-11-28 11:29:36 EET;1168.795;Unknown;3;;;;80;83;83;(ID 2) No;;;;;;;;;;;;;;;;;;;;
User #19427;f99f6e8e32c9ff5d;2019-11-28 13:02:15 EET;2019-11-28 13:17:47 EET;2019-11-28 13:17:58 EET;943.116;Unknown;3;;;;77;78;83;(ID 2) No;;;;;;;;;;;;;;;;;;;;
User #19427;f99f6e8e32c9ff5d;2019-11-28 16:22:15 EET;2019-11-28 16:22:15 EET;2019-11-28 16:43:15 EET;1259.513;Unknown;3;;;;79;78;85;(ID 2) No;;;;;;;;;;;;;;;;;;;;
User #19427;f99f6e8e32c9ff5d;2019-11-28 17:19:55 EET;2019-11-28 17:19:55 EET;2019-11-28 18:49:55 EET;Expired;Unknown;;;;;;;;;;;;;;;;;;;;;;;;;;;;
User #19427;f99f6e8e32c9ff5d;2019-11-28 20:30:53 EET;2019-11-28 20:30:53 EET;2019-11-28 22:00:53 EET;Expired;Unknown;;;;;;;;;;;;;;;;;;;;;;;;;;;;
User #19427;f99f6e8e32c9ff5d;2019-11-29 09:53:44 EET;2019-11-29 09:53:44 EET;2019-11-29 11:23:44 EET;Expired;Unknown;;;;;;;;;;;;;;;;;;;;;;;;;;;;
User #19427;f99f6e8e32c9ff5d;2019-11-29 12:41:23 EET;2019-11-29 13:09:37 EET;2019-11-29 13:09:55 EET;1712.21;Unknown;3;;;;79;82;78;(ID 2) No;;;;;;;;;;;;;;;;;;;;
User #19436;97f7c6434a9ca0e8;2019-11-26 10:09:40 EET;2019-11-26 10:09:40 EET;2019-11-26 11:39:40 EET;Expired;Unknown;2;2;2;14;53;42;88;;;;;;;;;;;;;;;;;;;;;
User #19436;97f7c6434a9ca0e8;2019-11-26 12:39:19 EET;2019-11-26 12:39:19 EET;2019-11-26 13:04:03 EET;1484.277;Unknown;2;2;2;30;40;46;75;(ID 2) No;;;;;;;;;;;;;;;;;;;;
User #19436;97f7c6434a9ca0e8;2019-11-26 16:06:02 EET;2019-11-26 16:06:59 EET;2019-11-26 16:28:49 EET;1366.49;Unknown;4;3;3;18;70;90;92;(ID 1) Yes;28;4;4;3;48;87;90;53;17;13;51;27;54;74;16;34;22;3;24;decided on my master thesis with professor 
User #19436;97f7c6434a9ca0e8;2019-11-26 17:39:48 EET;2019-11-26 17:39:48 EET;2019-11-26 17:40:25 EET;37.624;Unknown;2;1;3;26;70;64;58;(ID 2) No;;;;;;;;;;;;;;;;;;;;
User #19436;97f7c6434a9ca0e8;2019-11-26 19:59:49 EET;2019-11-26 19:59:49 EET;2019-11-26 20:02:06 EET;137.303;Unknown;;1;3;21;;63;63;(ID 2) No;;;;;;;;;;;;;;;;;;;;
User #19436;97f7c6434a9ca0e8;2019-11-27 09:02:45 EET;2019-11-27 09:02:45 EET;2019-11-27 10:32:45 EET;Expired;Unknown;;;;;;;;;;;;;;;;;;;;;;;;;;;;
User #19436;97f7c6434a9ca0e8;2019-11-27 14:00:15 EET;2019-11-27 14:00:16 EET;2019-11-27 14:01:06 EET;51.004;Unknown;3;1;3;35;70;70;70;(ID 2) No;;;;;;;;;;;;;;;;;;;;
User #19436;97f7c6434a9ca0e8;2019-11-27 14:23:07 EET;2019-11-27 14:23:08 EET;2019-11-27 14:34:18 EET;670.733;Unknown;3;1;3;30;73;76;79;(ID 2) No;;;;;;;;;;;;;;;;;;;;
User #19436;97f7c6434a9ca0e8;2019-11-27 17:24:11 EET;2019-11-27 17:24:11 EET;2019-11-27 17:25:52 EET;101.642;Unknown;3;1;3;20;72;71;82;(ID 2) No;;;;;;;;;;;;;;;;;;;;
User #19436;97f7c6434a9ca0e8;2019-11-27 20:10:16 EET;2019-11-27 20:10:17 EET;2019-11-27 20:20:05 EET;589.141;Unknown;3;1;3;30;70;72;65;(ID 2) No;;;;;;;;;;;;;;;;;;;;
User #19436;97f7c6434a9ca0e8;2019-11-28 10:41:53 EET;2019-11-28 10:41:54 EET;2019-11-28 10:58:42 EET;1008.984;Unknown;;1;1;67;36;39;70;(ID 1) Yes;154;0;3;0;96;15;19;79;85;51;41;75;22;14;89;87;87;8;10;virtsaputkentulehdus 
User #19436;97f7c6434a9ca0e8;2019-11-28 13:39:01 EET;2019-11-28 13:39:02 EET;2019-11-28 13:54:21 EET;920.859;Unknown;3;1;;23;60;69;33;(ID 2) No;;;;;;;;;;;;;;;;;;;;
User #19436;97f7c6434a9ca0e8;2019-11-28 15:50:38 EET;2019-11-28 15:50:39 EET;2019-11-28 16:36:47 EET;2768.502;Unknown;3;3;1;27;36;32;70;(ID 2) No;;;;;;;;;;;;;;;;;;;;
User #19436;97f7c6434a9ca0e8;2019-11-28 18:27:35 EET;2019-11-28 18:27:35 EET;2019-11-28 18:31:39 EET;244.123;Unknown;1;3;1;97;27;33;88;(ID 1) Yes;20;0;3;0;82;27;39;83;15;21;16;19;71;68;14;84;89;6;9;car accident 
User #19436;97f7c6434a9ca0e8;2019-11-28 19:52:26 EET;2019-11-28 19:52:26 EET;2019-11-28 19:57:51 EET;324.822;Unknown;3;1;3;15;79;77;79;(ID 2) No;;;;;;;;;;;;;;;;;;;;
User #19436;97f7c6434a9ca0e8;2019-11-29 09:58:34 EET;2019-11-29 09:58:36 EET;2019-11-29 10:22:15 EET;1421.222;Unknown;1;1;3;69;32;36;74;(ID 2) No;;;;;;;;;;;;;;;;;;;;
User #19436;97f7c6434a9ca0e8;2019-11-29 13:59:54 EET;2019-11-29 13:59:55 EET;2019-11-29 15:29:54 EET;Expired;Unknown;;;;;;;;;;;;;;;;;;;;;;;;;;;;
User #19436;97f7c6434a9ca0e8;2019-11-29 16:55:43 EET;2019-11-29 16:55:43 EET;2019-11-29 16:55:43 EET;Blocked;Unknown;;;;;;;;;;;;;;;;;;;;;;;;;;;;
User #19436;97f7c6434a9ca0e8;2019-11-29 15:56:32 EET;2019-11-29 16:48:06 EET;2019-11-29 17:11:41 EET;4509.591;Unknown;3;1;3;22;66;74;80;(ID 2) No;;;;;;;;;;;;;;;;;;;;
User #19436;97f7c6434a9ca0e8;2019-11-29 20:07:21 EET;2019-11-29 20:07:21 EET;2019-11-29 20:09:04 EET;103.171;Unknown;3;3;3;17;63;67;84;(ID 2) No;;;;;;;;;;;;;;;;;;;;
User #19444;07EEF53E75A04637A6C114C85A2BBF54;2019-11-26 09:05:56 EET;2019-11-26 09:05:56 EET;2019-11-26 09:08:00 EET;123.765;Unknown;https://ethicadata.com/media/survey_media/900/image/4valence.png;https://ethicadata.com/media/survey_media/900/image/3arous.png;https://ethicadata.com/media/survey_media/900/image/4dominance.png;15;91;88;100;(ID 2) No;;;;;;;;;;;;;;;;;;;;
User #19444;07EEF53E75A04637A6C114C85A2BBF54;2019-11-26 13:18:49 EET;2019-11-26 13:18:49 EET;2019-11-26 13:19:32 EET;43.083;Unknown;https://ethicadata.com/media/survey_media/900/image/4valence.png;https://ethicadata.com/media/survey_media/900/image/3arous.png;https://ethicadata.com/media/survey_media/900/image/5dominance.png;11;89;88;100;(ID 2) No;;;;;;;;;;;;;;;;;;;;
User #19444;07EEF53E75A04637A6C114C85A2BBF54;2019-11-26 14:58:21 EET;2019-11-26 14:58:21 EET;2019-11-26 14:59:16 EET;55.76;Unknown;https://ethicadata.com/media/survey_media/900/image/4valence.png;https://ethicadata.com/media/survey_media/900/image/4arous.png;https://ethicadata.com/media/survey_media/900/image/5dominance.png;6;86;88;100;(ID 2) No;;;;;;;;;;;;;;;;;;;;
User #19444;07EEF53E75A04637A6C114C85A2BBF54;2019-11-26 18:27:44 EET;2019-11-26 18:27:44 EET;2019-11-26 18:28:56 EET;71.917;Unknown;;;;;52;61;75;(ID 2) No;;;;;;;;;;;;;;;;;;;;
User #19444;07EEF53E75A04637A6C114C85A2BBF54;2019-11-26 21:31:17 EET;2019-11-26 21:31:17 EET;2019-11-26 23:01:17 EET;Expired;Unknown;;;;;;;;;;;;;;;;;;;;;;;;;;;;
User #19444;07EEF53E75A04637A6C114C85A2BBF54;2019-11-27 11:08:21 EET;2019-11-27 11:08:21 EET;2019-11-27 11:09:03 EET;41.914;Unknown;;;;;74;67;85;(ID 2) No;;;;;;;;;;;;;;;;;;;;
User #19444;07EEF53E75A04637A6C114C85A2BBF54;2019-11-27 12:47:29 EET;2019-11-27 12:47:29 EET;2019-11-27 12:58:39 EET;670.087;Unknown;https://ethicadata.com/media/survey_media/900/image/3valence2.png;;;;78;70;95;(ID 2) No;;;;;;;;;;;;;;;;;;;;
User #19444;07EEF53E75A04637A6C114C85A2BBF54;2019-11-27 16:18:13 EET;2019-11-27 16:18:13 EET;2019-11-27 16:30:00 EET;707.299;Unknown;https://ethicadata.com/media/survey_media/900/image/4valence.png;;;;85;75;78;(ID 2) No;;;;;;;;;;;;;;;;;;;;
User #19444;07EEF53E75A04637A6C114C85A2BBF54;2019-11-27 19:05:39 EET;2019-11-27 19:05:39 EET;2019-11-27 19:06:03 EET;23.479;Unknown;https://ethicadata.com/media/survey_media/900/image/5valence2.png;;;;69;74;92;(ID 2) No;;;;;;;;;;;;;;;;;;;;
User #19444;07EEF53E75A04637A6C114C85A2BBF54;2019-11-27 21:46:06 EET;2019-11-27 21:46:06 EET;2019-11-27 21:56:16 EET;610.068;Unknown;https://ethicadata.com/media/survey_media/900/image/4valence.png;https://ethicadata.com/media/survey_media/900/image/2arous.png;https://ethicadata.com/media/survey_media/900/image/4dominance.png;22;75;75;93;(ID 2) No;;;;;;;;;;;;;;;;;;;;
User #19444;07EEF53E75A04637A6C114C85A2BBF54;2019-11-28 09:18:57 EET;2019-11-28 09:18:57 EET;2019-11-28 09:32:22 EET;804.959;Unknown;https://ethicadata.com/media/survey_media/900/image/4valence.png;https://ethicadata.com/media/survey_media/900/image/2arous.png;;61;66;62;89;(ID 2) No;;;;;;;;;;;;;;;;;;;;
User #19444;07EEF53E75A04637A6C114C85A2BBF54;2019-11-28 12:38:13 EET;2019-11-28 12:38:13 EET;2019-11-28 12:40:55 EET;161.551;Unknown;https://ethicadata.com/media/survey_media/900/image/4valence.png;https://ethicadata.com/media/survey_media/900/image/3arous.png;https://ethicadata.com/media/survey_media/900/image/4dominance.png;51;71;75;87;(ID 2) No;;;;;;;;;;;;;;;;;;;;
User #19444;07EEF53E75A04637A6C114C85A2BBF54;2019-11-28 14:22:01 EET;2019-11-28 14:22:01 EET;2019-11-28 14:23:37 EET;96.62;Unknown;https://ethicadata.com/media/survey_media/900/image/4valence.png;https://ethicadata.com/media/survey_media/900/image/2arous.png;https://ethicadata.com/media/survey_media/900/image/2dominance.png;65;41;50;88;(ID 2) No;;;;;;;;;;;;;;;;;;;;
User #19444;07EEF53E75A04637A6C114C85A2BBF54;2019-11-28 17:00:11 EET;2019-11-28 17:00:11 EET;2019-11-28 17:00:49 EET;37.986;Unknown;https://ethicadata.com/media/survey_media/900/image/4valence.png;https://ethicadata.com/media/survey_media/900/image/4arous.png;https://ethicadata.com/media/survey_media/900/image/3dominance.png;51;60;70;92;(ID 2) No;;;;;;;;;;;;;;;;;;;;
User #19444;07EEF53E75A04637A6C114C85A2BBF54;2019-11-28 20:26:15 EET;2019-11-28 20:26:15 EET;2019-11-28 21:00:38 EET;2062.95;Unknown;https://ethicadata.com/media/survey_media/900/image/4valence.png;https://ethicadata.com/media/survey_media/900/image/2arous.png;https://ethicadata.com/media/survey_media/900/image/4dominance.png;61;70;71;100;(ID 2) No;;;;;;;;;;;;;;;;;;;;
User #19444;07EEF53E75A04637A6C114C85A2BBF54;2019-11-29 10:49:10 EET;2019-11-29 10:49:10 EET;2019-11-29 10:52:45 EET;215.071;Unknown;;;;63;58;58;87;(ID 2) No;;;;;;;;;;;;;;;;;;;;
User #19444;07EEF53E75A04637A6C114C85A2BBF54;2019-11-29 11:48:13 EET;2019-11-29 11:48:13 EET;2019-11-29 13:18:13 EET;Expired;Unknown;;;;;;;;;;;;;;;;;;;;;;;;;;;;
User #19444;07EEF53E75A04637A6C114C85A2BBF54;2019-11-29 14:13:38 EET;2019-11-29 14:13:38 EET;2019-11-29 15:43:38 EET;Expired;Unknown;;;;;;;;;;;;;;;;;;;;;;;;;;;;
User #19444;07EEF53E75A04637A6C114C85A2BBF54;2019-11-29 18:48:07 EET;2019-11-29 18:48:07 EET;2019-11-29 18:49:58 EET;110.577;Unknown;https://ethicadata.com/media/survey_media/900/image/5valence2.png;https://ethicadata.com/media/survey_media/900/image/4arous.png;https://ethicadata.com/media/survey_media/900/image/4dominance.png;33;75;87;100;(ID 2) No;;;;;;;;;;;;;;;;;;;;
User #19444;07EEF53E75A04637A6C114C85A2BBF54;2019-11-29 21:47:36 EET;2019-11-29 21:47:36 EET;2019-11-29 21:48:18 EET;41.911;Unknown;https://ethicadata.com/media/survey_media/900/image/5valence2.png;https://ethicadata.com/media/survey_media/900/image/4arous.png;https://ethicadata.com/media/survey_media/900/image/5dominance.png;30;82;94;100;(ID 2) No;;;;;;;;;;;;;;;;;;;;
User #19445;0D37CFBB5C0049AAA29584031697EE0A;2019-11-26 09:15:01 EET;2019-11-26 09:15:01 EET;2019-11-26 10:07:10 EET;3128.856;Unknown;https://ethicadata.com/media/survey_media/900/image/4valence.png;https://ethicadata.com/media/survey_media/900/image/2arous.png;https://ethicadata.com/media/survey_media/900/image/4dominance.png;60;100;76;92;(ID 2) No;;;;;;;;;;;;;;;;;;;;
User #19445;0D37CFBB5C0049AAA29584031697EE0A;2019-11-26 13:02:04 EET;2019-11-26 13:02:04 EET;2019-11-26 13:03:50 EET;105.901;Unknown;https://ethicadata.com/media/survey_media/900/image/3valence2.png;https://ethicadata.com/media/survey_media/900/image/4arous.png;https://ethicadata.com/media/survey_media/900/image/4dominance.png;65;95;43;89;(ID 2) No;;;;;;;;;;;;;;;;;;;;
User #19445;0D37CFBB5C0049AAA29584031697EE0A;2019-11-26 16:46:59 EET;2019-11-26 16:46:59 EET;2019-11-26 16:59:22 EET;743.715;Unknown;https://ethicadata.com/media/survey_media/900/image/3valence2.png;https://ethicadata.com/media/survey_media/900/image/4arous.png;https://ethicadata.com/media/survey_media/900/image/3dominance.png;60;91;50;100;(ID 1) Yes;30;https://ethicadata.com/media/survey_media/900/image/2valence.png;https://ethicadata.com/media/survey_media/900/image/4arous.png;https://ethicadata.com/media/survey_media/900/image/2dominance.png;65;100;69;65;21;60;62;28;0;50;58;53;3;1;7;Huomasin olevani aika paljon jäljessä tenttiinluvussa.
User #19445;0D37CFBB5C0049AAA29584031697EE0A;2019-11-26 18:18:09 EET;2019-11-26 18:18:09 EET;2019-11-26 18:32:44 EET;875.088;Unknown;https://ethicadata.com/media/survey_media/900/image/3valence2.png;https://ethicadata.com/media/survey_media/900/image/3arous.png;https://ethicadata.com/media/survey_media/900/image/4dominance.png;69;86;82;97;(ID 2) No;;;;;;;;;;;;;;;;;;;;
User #19445;0D37CFBB5C0049AAA29584031697EE0A;2019-11-26 19:46:42 EET;2019-11-26 19:46:42 EET;2019-11-26 20:08:22 EET;1299.58;Unknown;https://ethicadata.com/media/survey_media/900/image/3valence2.png;https://ethicadata.com/media/survey_media/900/image/3arous.png;https://ethicadata.com/media/survey_media/900/image/3dominance.png;60;82;51;98;(ID 2) No;;;;;;;;;;;;;;;;;;;;
User #19445;0D37CFBB5C0049AAA29584031697EE0A;2019-11-27 10:19:02 EET;2019-11-27 10:19:02 EET;2019-11-27 10:29:03 EET;600.643;Unknown;https://ethicadata.com/media/survey_media/900/image/3valence2.png;https://ethicadata.com/media/survey_media/900/image/4arous.png;https://ethicadata.com/media/survey_media/900/image/3dominance.png;63;92;66;89;(ID 2) No;;;;;;;;;;;;;;;;;;;;
User #19445;0D37CFBB5C0049AAA29584031697EE0A;2019-11-27 13:34:03 EET;2019-11-27 13:34:03 EET;2019-11-27 14:32:19 EET;3495.992;Unknown;https://ethicadata.com/media/survey_media/900/image/4valence.png;https://ethicadata.com/media/survey_media/900/image/3arous.png;https://ethicadata.com/media/survey_media/900/image/4dominance.png;60;91;52;94;(ID 1) Yes;7;https://ethicadata.com/media/survey_media/900/image/4valence.png;https://ethicadata.com/media/survey_media/900/image/2arous.png;https://ethicadata.com/media/survey_media/900/image/3dominance.png;35;80;95;93;66;2;34;49;52;78;6;5;52;1;2;
User #19445;0D37CFBB5C0049AAA29584031697EE0A;2019-11-27 14:53:50 EET;2019-11-27 14:53:50 EET;2019-11-27 15:10:26 EET;996.048;Unknown;https://ethicadata.com/media/survey_media/900/image/4valence.png;https://ethicadata.com/media/survey_media/900/image/3arous.png;https://ethicadata.com/media/survey_media/900/image/4dominance.png;43;94;79;91;(ID 2) No;;;;;;;;;;;;;;;;;;;;
User #19445;0D37CFBB5C0049AAA29584031697EE0A;2019-11-27 18:08:44 EET;2019-11-27 18:08:44 EET;2019-11-27 18:13:03 EET;258.894;Unknown;https://ethicadata.com/media/survey_media/900/image/2valence.png;https://ethicadata.com/media/survey_media/900/image/3arous.png;https://ethicadata.com/media/survey_media/900/image/3dominance.png;75;96;55;92;(ID 2) No;;;;;;;;;;;;;;;;;;;;
User #19445;0D37CFBB5C0049AAA29584031697EE0A;2019-11-27 21:56:29 EET;2019-11-27 21:56:29 EET;2019-11-27 22:22:44 EET;1574.823;Unknown;https://ethicadata.com/media/survey_media/900/image/2valence.png;https://ethicadata.com/media/survey_media/900/image/3arous.png;https://ethicadata.com/media/survey_media/900/image/3dominance.png;75;68;38;73;(ID 1) Yes;10;https://ethicadata.com/media/survey_media/900/image/1valence.png;https://ethicadata.com/media/survey_media/900/image/4arous.png;https://ethicadata.com/media/survey_media/900/image/3dominance.png;67;88;10;44;89;39;74;52;7;49;53;55;4;0;32;
User #19445;0D37CFBB5C0049AAA29584031697EE0A;2019-11-28 10:25:06 EET;2019-11-28 10:25:06 EET;2019-11-28 11:40:33 EET;4527.686;Unknown;https://ethicadata.com/media/survey_media/900/image/4valence.png;https://ethicadata.com/media/survey_media/900/image/3arous.png;https://ethicadata.com/media/survey_media/900/image/4dominance.png;43;86;77;82;(ID 2) No;;;;;;;;;;;;;;;;;;;;
User #19445;0D37CFBB5C0049AAA29584031697EE0A;2019-11-28 13:27:54 EET;2019-11-28 13:27:54 EET;2019-11-28 14:13:00 EET;2705.52;Unknown;https://ethicadata.com/media/survey_media/900/image/3valence2.png;https://ethicadata.com/media/survey_media/900/image/4arous.png;https://ethicadata.com/media/survey_media/900/image/3dominance.png;66;74;50;81;(ID 1) Yes;18;https://ethicadata.com/media/survey_media/900/image/2valence.png;https://ethicadata.com/media/survey_media/900/image/4arous.png;https://ethicadata.com/media/survey_media/900/image/2dominance.png;90;83;24;78;90;11;44;47;6;59;16;57;4;1;5;Ystävällä suuria huolia.
User #19445;0D37CFBB5C0049AAA29584031697EE0A;2019-11-28 15:08:53 EET;2019-11-28 15:08:53 EET;2019-11-28 15:32:44 EET;1430.787;Unknown;https://ethicadata.com/media/survey_media/900/image/4valence.png;https://ethicadata.com/media/survey_media/900/image/2arous.png;https://ethicadata.com/media/survey_media/900/image/4dominance.png;51;82;81;93;(ID 2) No;;;;;;;;;;;;;;;;;;;;
User #19445;0D37CFBB5C0049AAA29584031697EE0A;2019-11-28 20:07:26 EET;2019-11-28 20:07:26 EET;2019-11-28 20:07:26 EET;Blocked;Unknown;;;;;;;;;;;;;;;;;;;;;;;;;;;;
User #19445;0D37CFBB5C0049AAA29584031697EE0A;2019-11-28 19:18:43 EET;2019-11-28 19:18:43 EET;2019-11-28 20:16:08 EET;3444.763;Unknown;https://ethicadata.com/media/survey_media/900/image/4valence.png;https://ethicadata.com/media/survey_media/900/image/3arous.png;https://ethicadata.com/media/survey_media/900/image/4dominance.png;26;95;83;84;(ID 2) No;;;;;;;;;;;;;;;;;;;;
User #19445;0D37CFBB5C0049AAA29584031697EE0A;2019-11-29 10:55:44 EET;2019-11-29 10:55:44 EET;2019-11-29 11:19:52 EET;1447.971;Unknown;https://ethicadata.com/media/survey_media/900/image/3valence2.png;https://ethicadata.com/media/survey_media/900/image/3arous.png;https://ethicadata.com/media/survey_media/900/image/4dominance.png;50;92;43;81;(ID 2) No;;;;;;;;;;;;;;;;;;;;
User #19445;0D37CFBB5C0049AAA29584031697EE0A;2019-11-29 12:37:33 EET;2019-11-29 12:37:33 EET;2019-11-29 14:07:33 EET;Expired;Unknown;;;;;;;;;;;;;;;;;;;;;;;;;;;;
User #19445;0D37CFBB5C0049AAA29584031697EE0A;2019-11-29 14:14:58 EET;2019-11-29 14:14:58 EET;2019-11-29 15:44:58 EET;Expired;Unknown;;;;;;;;;;;;;;;;;;;;;;;;;;;;
User #19445;0D37CFBB5C0049AAA29584031697EE0A;2019-11-29 18:33:20 EET;2019-11-29 18:33:20 EET;2019-11-29 18:36:22 EET;181.4;Unknown;https://ethicadata.com/media/survey_media/900/image/4valence.png;https://ethicadata.com/media/survey_media/900/image/2arous.png;https://ethicadata.com/media/survey_media/900/image/4dominance.png;28;91;67;94;(ID 2) No;;;;;;;;;;;;;;;;;;;;
User #19445;0D37CFBB5C0049AAA29584031697EE0A;2019-11-29 20:56:28 EET;2019-11-29 20:56:28 EET;2019-11-29 21:07:58 EET;689.797;Unknown;https://ethicadata.com/media/survey_media/900/image/4valence.png;https://ethicadata.com/media/survey_media/900/image/3arous.png;https://ethicadata.com/media/survey_media/900/image/3dominance.png;41;98;79;91;(ID 2) No;;;;;;;;;;;;;;;;;;;;
User #19453;7a9dd8870687a36b;2019-11-26 10:58:41 EET;2019-11-26 10:58:41 EET;2019-11-26 11:01:09 EET;148.542;Unknown;2;;;;76;;96;(ID 2) No;;;;;;;;;;;;;;;;;;;;
User #19453;7a9dd8870687a36b;2019-11-26 11:53:18 EET;2019-11-26 11:53:20 EET;2019-11-26 12:19:15 EET;1556.733;Unknown;2;;;;70;33;69;(ID 2) No;;;;;;;;;;;;;;;;;;;;
User #19453;7a9dd8870687a36b;2019-11-26 14:38:34 EET;2019-11-26 14:38:35 EET;2019-11-26 14:45:03 EET;388.931;Unknown;2;;;;62;66;54;(ID 2) No;;;;;;;;;;;;;;;;;;;;
User #19453;7a9dd8870687a36b;2019-11-26 17:59:19 EET;2019-11-26 17:59:19 EET;2019-11-26 18:35:31 EET;2172.475;Unknown;3;;;;70;60;73;(ID 1) Yes;60;3;3;3;18;66;85;73;11;7;16;13;16;71;0;;0;0;;The event was a positive one (I was writing my thesis and overcame a problem that I was struggling with for a long time) and I feel like these questions are ment for a situation in which a negative event has ocurred and now I am worried I maybe understood the instructions wrong since I felt these questions didn't make much sense in my case. I felt good and the event was a nice one so no need to distract myself or cope with anything etc. 
User #19453;7a9dd8870687a36b;2019-11-26 19:45:43 EET;2019-11-26 19:45:43 EET;2019-11-26 20:01:19 EET;935.607;Unknown;3;1;3;26;74;68;;(ID 2) No;;;;;;;;;;;;;;;;;;;;
User #19453;7a9dd8870687a36b;2019-11-27 10:13:56 EET;2019-11-27 10:13:57 EET;2019-11-27 10:31:09 EET;1033.035;Unknown;3;3;3;29;75;83;;(ID 2) No;;;;;;;;;;;;;;;;;;;;
User #19453;7a9dd8870687a36b;2019-11-27 12:36:42 EET;2019-11-27 12:40:38 EET;2019-11-27 12:41:03 EET;261.011;Unknown;3;;;;74;83;79;(ID 2) No;;;;;;;;;;;;;;;;;;;;
User #19453;7a9dd8870687a36b;2019-11-27 16:20:28 EET;2019-11-27 16:18:58 EET;2019-11-27 16:39:29 EET;1140.493;Unknown;0;;1;80;72;73;92;(ID 1) Yes;38;0;3;0;82;90;80;86;51;21;14;43;100;100;29;0;76;0;51;I met a friend of mine who told me he had been diagnosed with cancer. This made me extremely shocked and worried. 
User #19453;7a9dd8870687a36b;2019-11-27 17:09:20 EET;2019-11-27 17:08:59 EET;2019-11-27 17:13:51 EET;270.739;Unknown;1;1;3;39;71;71;89;(ID 2) No;;;;;;;;;;;;;;;;;;;;
User #19453;7a9dd8870687a36b;2019-11-27 21:02:38 EET;2019-11-27 21:03:59 EET;2019-11-27 21:11:41 EET;543.044;Unknown;3;1;3;19;72;73;100;(ID 1) Yes;15;3;1;3;1;89;89;100;0;22;;20;77;100;;;67;64;;Had a beer with my friends and had some really good conversations.
User #19453;7a9dd8870687a36b;2019-11-28 10:57:16 EET;2019-11-28 10:57:16 EET;2019-11-28 11:15:22 EET;1085.806;Unknown;3;;3;66;71;62;80;(ID 2) No;;;;;;;;;;;;;;;;;;;;
User #19453;7a9dd8870687a36b;2019-11-28 14:04:37 EET;2019-11-28 14:03:59 EET;2019-11-28 14:39:33 EET;2095.567;Unknown;;2;3;64;68;66;64;(ID 2) No;;;;;;;;;;;;;;;;;;;;
User #19453;7a9dd8870687a36b;2019-11-28 15:13:30 EET;2019-11-28 15:13:58 EET;2019-11-28 15:34:12 EET;1242.593;Unknown;3;1;3;24;74;68;65;(ID 2) No;;;;;;;;;;;;;;;;;;;;
User #19453;7a9dd8870687a36b;2019-11-28 17:57:04 EET;2019-11-28 17:57:04 EET;2019-11-28 18:07:37 EET;633.26;Unknown;3;1;3;10;66;62;78;(ID 2) No;;;;;;;;;;;;;;;;;;;;
User #19453;7a9dd8870687a36b;2019-11-28 21:04:34 EET;2019-11-28 21:04:35 EET;2019-11-28 21:06:35 EET;120.932;Unknown;3;3;3;13;73;83;97;(ID 2) No;;;;;;;;;;;;;;;;;;;;
User #19453;7a9dd8870687a36b;2019-11-29 11:24:31 EET;2019-11-29 11:24:31 EET;2019-11-29 11:33:27 EET;536.275;Unknown;3;3;3;;80;86;85;(ID 2) No;;;;;;;;;;;;;;;;;;;;
User #19453;7a9dd8870687a36b;2019-11-29 12:32:12 EET;2019-11-29 12:33:58 EET;2019-11-29 12:46:49 EET;876.472;Unknown;3;1;3;21;71;80;77;(ID 2) No;;;;;;;;;;;;;;;;;;;;
User #19453;7a9dd8870687a36b;2019-11-29 16:29:49 EET;2019-11-29 16:28:58 EET;2019-11-29 16:30:41 EET;51.205;Unknown;4;3;3;18;82;100;100;(ID 2) No;;;;;;;;;;;;;;;;;;;;
User #19453;7a9dd8870687a36b;2019-11-29 19:01:46 EET;2019-11-29 19:01:47 EET;2019-11-29 19:05:48 EET;242.019;Unknown;4;3;3;15;69;86;100;(ID 2) No;;;;;;;;;;;;;;;;;;;;
User #19453;7a9dd8870687a36b;2019-11-29 19:54:33 EET;2019-11-29 19:53:58 EET;2019-11-29 20:04:32 EET;599.014;Unknown;4;3;3;6;81;87;92;(ID 2) No;;;;;;;;;;;;;;;;;;;;
